USE music_school;
INSERT INTO students (first_name, last_name, birth_date, class, enrollment_year, phone, email, address, notes) VALUES
('Андрій', 'Коваленко', '2010-05-12', '4 клас', 2022, '380501112233', 'andriy@example.com', 'вул. Лесі Українки 10', ''),
('Марія', 'Іваненко', '2009-03-22', '5 клас', 2021, '380503334455', 'maria@example.com', 'вул. Шевченка 25', ''),
('Олег', 'Петренко', '2011-11-01', '3 клас', 2023, '380676667788', 'oleh@example.com', 'вул. Франка 7', ''),
('Ірина', 'Сидоренко', '2008-07-14', '6 клас', 2020, '380631234567', 'iryna@example.com', 'вул. Грушевського 13', ''),
('Катерина', 'Мельник', '2010-01-05', '4 клас', 2022, '380973457891', 'katya@example.com', 'вул. Пушкіна 18', ''),
('Дмитро', 'Черненко', '2009-08-30', '5 клас', 2021, '380662227733', 'dmytro@example.com', 'вул. Коцюбинського 22', ''),
('Оксана', 'Литвин', '2011-04-10', '3 клас', 2023, '380731198822', 'oksana@example.com', 'вул. Хмельницького 9', '');

INSERT INTO teachers (first_name, last_name, specialization, phone, email, notes) VALUES
('Світлана', 'Гончар', 'Фортепіано', '380501234567', 's.gonchar@example.com', ''),
('Олексій', 'Данилюк', 'Скрипка', '380503336699', 'o.danyliuk@example.com', ''),
('Ігор', 'Шевченко', 'Гітара', '380672223344', 'i.shevchenko@example.com', ''),
('Олена', 'Мироненко', 'Флейта', '380633335577', 'o.myronenko@example.com', ''),
('Юрій', 'Ткаченко', 'Ударні', '380973311224', 'y.tkachenko@example.com', ''),
('Валентина', 'Кравець', 'Вокал', '380663457899', 'v.kravets@example.com', ''),
('Роман', 'Бойко', 'Саксофон', '380731122334', 'r.boiko@example.com', '');

INSERT INTO instruments (name, category, brand, model, serial_number, purchase_date, condition_status, price, location, notes) VALUES
('Фортепіано', 'Клавішні', 'Yamaha', 'U1', 'SN001', '2020-03-15', 'Добрий', 50000, 'Кабінет 1', ''),
('Скрипка', 'Струнні', 'Strunal', 'Student 101', 'SN002', '2021-06-20', 'Відмінний', 12000, 'Кабінет 2', ''),
('Гітара', 'Струнні', 'Fender', 'FA-125', 'SN003', '2019-09-01', 'Задовільний', 8000, 'Кабінет 3', ''),
('Флейта', 'Духові', 'Yamaha', 'YFL-222', 'SN004', '2022-01-10', 'Добрий', 15000, 'Кабінет 4', ''),
('Саксофон', 'Духові', 'Jupiter', 'JAS-500', 'SN005', '2021-11-11', 'Добрий', 20000, 'Кабінет 5', ''),
('Ударна установка', 'Ударні', 'Tama', 'Rhythm Mate', 'SN006', '2020-07-07', 'Потребує ремонту', 30000, 'Кабінет 6', ''),
('Електропіаніно', 'Клавішні', 'Casio', 'PX-160', 'SN007', '2023-02-18', 'Відмінний', 18000, 'Кабінет 7', '');

INSERT INTO instrument_assignments (student_id, instrument_id, issue_date, expected_return_date, return_date, teacher_id, notes) VALUES
(1, 2, '2023-09-01', '2024-05-25', NULL, 2, ''),
(2, 1, '2023-09-05', '2024-05-30', NULL, 1, ''),
(3, 3, '2023-10-10', '2024-06-01', NULL, 3, ''),
(4, 4, '2023-09-15', '2024-05-20', NULL, 4, ''),
(5, 5, '2023-11-01', '2024-06-10', NULL, 7, ''),
(6, 6, '2023-12-01', '2024-05-15', NULL, 5, ''),
(7, 7, '2024-01-10', '2024-06-30', NULL, 1, '');

INSERT INTO instrument_repairs (instrument_id, repair_date, description, cost, repair_company, responsible_person) VALUES
(6, '2023-09-12', 'Заміна педалі', 1200, 'MusicFix', 'Андрій Савченко'),
(3, '2022-11-02', 'Регулювання струн', 800, 'GuitarPro', 'Іван Козак'),
(2, '2021-10-20', 'Лакування корпусу', 1500, 'MasterLuthier', 'Олег Левченко'),
(1, '2022-04-15', 'Тюнінг механізму', 2000, 'PianoLab', 'Тарас Демченко'),
(5, '2023-01-18', 'Полірування', 900, 'WindService', 'Марко Олійник'),
(4, '2023-03-22', 'Чистка механізму', 700, 'FluteCare', 'Анна Король'),
(7, '2024-02-10', 'Оновлення клавіш', 1800, 'ElectroMusic', 'Юрій Жук');

INSERT INTO suppliers (name, phone, email, address, notes) VALUES
('MusicPro', '380501234500', 'info@musicpro.com', 'вул. Бандери 10', ''),
('HarmonyTrade', '380503331122', 'sales@htrade.com', 'вул. Довженка 15', ''),
('GoldenStrings', '380672220011', 'contact@gstrings.com', 'вул. Сагайдачного 22', ''),
('WindMaster', '380631119900', 'support@windmaster.com', 'вул. Полтавська 8', ''),
('BeatLine', '380973452200', 'beatline@shop.com', 'вул. Набережна 3', ''),
('ClassicHouse', '380661122334', 'order@classichouse.com', 'вул. Коцюбинського 5', ''),
('PianoWorld', '380731144556', 'office@pianoworld.com', 'вул. Шевченка 19', '');


INSERT INTO instrument_purchases (supplier_id, instrument_id, purchase_date, quantity, total_cost) VALUES
(1, 1, '2020-03-15', 1, 50000),
(2, 2, '2021-06-20', 1, 12000),
(3, 3, '2019-09-01', 1, 8000),
(4, 4, '2022-01-10', 1, 15000),
(5, 5, '2021-11-11', 1, 20000),
(6, 6, '2020-07-07', 1, 30000),
(7, 7, '2023-02-18', 1, 18000);

INSERT INTO subjects (name, description) VALUES
('Фортепіано', 'Навчання грі на фортепіано'),
('Скрипка', 'Уроки скрипки'),
('Гітара', 'Навчання грі на гітарі'),
('Флейта', 'Заняття з флейти'),
('Саксофон', 'Курс гри на саксофоні'),
('Вокал', 'Уроки вокалу'),
('Ударні', 'Навчання гри на ударних');

INSERT INTO student_subjects (student_id, subject_id, teacher_id, start_date, end_date) VALUES
(1, 1, 1, '2023-09-01', NULL),
(2, 2, 2, '2023-09-01', NULL),
(3, 3, 3, '2023-09-01', NULL),
(4, 4, 4, '2023-09-01', NULL),
(5, 5, 7, '2023-09-01', NULL),
(6, 7, 5, '2023-09-01', NULL),
(7, 6, 6, '2023-09-01', NULL);


INSERT INTO rooms (name, type, capacity, notes) VALUES
('Кабінет 1', 'Клас', 10, ''),
('Кабінет 2', 'Клас', 8, ''),
('Кабінет 3', 'Клас', 12, ''),
('Кабінет 4', 'Клас', 10, ''),
('Кабінет 5', 'Клас', 10, ''),
('Кабінет 6', 'Репетиційна', 6, ''),
('Кабінет 7', 'Склад', 3, '');

INSERT INTO schedule (subject_id, room_id, teacher_id, lesson_date, start_time, end_time) VALUES
(1, 1, 1, '2023-09-05', '10:00', '11:00'),
(2, 2, 2, '2023-09-06', '11:00', '12:00'),
(3, 3, 3, '2023-09-07', '12:00', '13:00'),
(4, 4, 4, '2023-09-08', '13:00', '14:00'),
(5, 5, 7, '2023-09-09', '14:00', '15:00'),
(6, 1, 6, '2023-09-10', '09:00', '10:00'),
(7, 6, 5, '2023-09-11', '15:00', '16:00');






